section,count
科技南一路,92
高新南九道,26
创业路(南油段),72
文心四路,24
高新南七道,41
招商路(蛇口西段),61
科技南十路,29
后海大道辅道(蛇口北段),58
登良路,29
学府路(前海段),11
工业九路,50
文心三路,12
文心一路,13
荔园路(蛇口西段),70
荔园路(蛇口东段),54
高新南环路,240
四海路,55
科技南路,87
文心五路,14
海德二道,42
中心路(后海湾段),63
金世纪路,19
创业路辅道,43
文心六路,58
科技南十二路,10
高新南十一道,60
高新南十道,73
龙城路,31
南头街,21
海月路(东段),19
高新南五道,18
海德一道,51
高新南三道,21
南新路,23
海德二道（南油段）,45
文心二路,30
海德三道,46
常兴路,66
创业路(后海湾段),18
高新南四道,26
华明路,3
后海大道辅道(后海段),80
海德一道(后海湾段),26
